{"cameraMode":{"drawMode":0,"name":"Shaded","section":"Shading Mode"},"sceneLighting":false,"audioPlay":false,"sceneViewState":{"m_AlwaysRefresh":false,"showFog":true,"showSkybox":false,"showFlares":true,"showImageEffects":true,"showParticleSystems":true,"showVisualEffectGraphs":true,"m_FxEnabled":true},"in2DMode":false,"pivot":{"x":-0.8626399040222168,"y":1.5417852401733399,"z":1.4725124835968018},"rotation":{"x":-0.056980032473802569,"y":0.6972039341926575,"z":-0.05576152354478836,"w":-0.7124297022819519},"size":2.674806594848633,"orthographic":false}