{"cameraMode":{"drawMode":0,"name":"Shaded","section":"Shading Mode"},"sceneLighting":false,"audioPlay":false,"sceneViewState":{"m_AlwaysRefresh":false,"showFog":true,"showSkybox":false,"showFlares":true,"showImageEffects":true,"showParticleSystems":true,"showVisualEffectGraphs":true,"m_FxEnabled":true},"in2DMode":false,"pivot":{"x":-5.960464477539063e-8,"y":0.8587385416030884,"z":0.23705840110778809},"rotation":{"x":-0.016943983733654023,"y":0.9803138971328735,"z":-0.1711142212152481,"w":-0.09707141667604447},"size":1.4436149597167969,"orthographic":false}