{"cameraMode":{"drawMode":0,"name":"Shaded","section":"Shading Mode"},"sceneLighting":false,"audioPlay":false,"sceneViewState":{"m_AlwaysRefresh":false,"showFog":true,"showSkybox":false,"showFlares":true,"showImageEffects":true,"showParticleSystems":true,"showVisualEffectGraphs":true,"m_FxEnabled":true},"in2DMode":false,"pivot":{"x":0.0175665020942688,"y":0.27014851570129397,"z":0.0027370452880859377},"rotation":{"x":0.08132074773311615,"y":0.7458770275115967,"z":-0.09266357123851776,"w":0.654575765132904},"size":0.6033205389976502,"orthographic":true}