{"cameraMode":{"drawMode":0,"name":"Shaded","section":"Shading Mode"},"sceneLighting":false,"audioPlay":false,"sceneViewState":{"m_AlwaysRefresh":false,"showFog":true,"showSkybox":false,"showFlares":true,"showImageEffects":true,"showParticleSystems":true,"showVisualEffectGraphs":true,"m_FxEnabled":true},"in2DMode":false,"pivot":{"x":-0.04434692859649658,"y":0.9259527921676636,"z":0.1831817477941513},"rotation":{"x":-0.03054744377732277,"y":0.7857076525688171,"z":0.03892432898283005,"w":0.6166162490844727},"size":1.2601261138916016,"orthographic":false}